player,position,club,championship
Aaron Mooy,MF,Celtic,
Aaron Ramsey,MF,Nice,
Abdelhamid Sabiri,MF,Sampdoria,
Abdelkarim Hassan,DF,Al Sadd SC,
Abderrazak Hamdallah,FW,Al-Ittihad,
Abdessamad Ezzalzouli,FW,Osasuna,
Abdou Diallo,DF,RB Leipzig,Bundesliga
Abdul Fatawu Issahaku,FW,Sporting CP,Liga Portugal Bwin
Abdulaziz Hatem,MF,Al Rayyan SC,
Abdulelah Al-Amri,DF,Al-Nassr,
Abdulellah Al-Malki,MF,Al-Hilal,
Abdullah Madu,DF,Al-Nassr,
Abdulrahman Al-Aboud,MF,Al-Ittihad,
Abolfazl Jalali,DF,Esteghlal,
Achraf Dari,DF,Brest,
Achraf Hakimi,DF,Paris S-G,
Adrien Rabiot,MF,Juventus,
Agustín Canobbio,MF,Atl Paranaense,
Ahmad Nourollahi,MF,Al-Ahli Dubai FC,
Ahmed Alaaeldin,FW,Al-Gharafa Sports Club,
Aimen Dahmen,GK,CS Sfaxien,
Ajdin Hrustic,MF,Hellas Verona,
Akram Afif,FW,Al Sadd SC,
Alan Franco,MF,Talleres,
Alejandro Balde,DF,Barcelona,
Aleksandar Mitrović,FW,Fulham,
Alex Sandro,DF,Juventus,
Alex Telles,DF,Sevilla,
Alexander Bah,DF,Benfica,
Alexander Djiku,DF,Strasbourg,
Alexis Mac Allister,MF,Brighton,
Alexis Vega,FW,Guadalajara,
Ali Abdi,DF,Caen,
Ali Al Hassan,MF,Al-Nassr,
Ali Al-Bulaihi,DF,Al-Hilal,
Ali Assadalla,MF,Al Sadd SC,
Ali Gholizadeh,MF,Charleroi,
Ali Karimi,MF,Kayserispor,
Ali Maâloul,DF,Al Ahly SC,
Alidu Seidu,DF,Clermont Foot,
Alireza Beiranvand,GK,Persepolis,
Alireza Jahanbakhsh,MF,Feyenoord,
Alisson,GK,Liverpool,Primera División
Alistair Johnston,DF,CF Montréal,
Almoez Ali,FW,Al Duhail SC,
Alphonso Davies,MF,Bayern Munich,Bundesliga
Amadou Onana,MF,Everton,
Anass Zaroury,FW,Burnley,
Andre-Frank Zambo Anguissa,MF,Napoli,
Andreas Christensen,DF,Barcelona,
Andreas Cornelius,FW,FC Copenhagen,
Andreas Skov Olsen,FW,Club Brugge,
Andrej Kramarić,FW,Hoffenheim,
Andries Noppert,GK,Heerenveen,
Andrija Živković,DF,PAOK,
André Ayew,MF,Al Sadd SC,
André Onana,GK,Inter,
André Silva,FW,RB Leipzig,Bundesliga
Andrés Guardado,MF,Betis,
Anis Ben Slimane,MF,Brøndby,
Ansu Fati,FW,Barcelona,
Ante Budimir,FW,Osasuna,
Anthony Contreras,FW,Club Sport Herediano,
Antoine Griezmann,MF,Atlético Madrid,
Antoine Semenyo,FW,Bristol City,
Antonee Robinson,DF,Fulham,
Antonio Rüdiger,DF,Real Madrid,Liga
Antony,FW,Manchester Utd,
António Silva,DF,Benfica,
Ao Tanaka,MF,Düsseldorf,
Ardon Jasari,FW,Luzern,
Arkadiusz Milik,FW,Juventus,
Artur Jędrzejczyk,DF,Legia Warsaw,
Asiri Haitham,FW,Al-Ahli,
Assim Madibo,MF,Al Duhail SC,
Atiba Hutchinson,MF,Beşiktaş,
Aurélien Tchouaméni,MF,Real Madrid,Liga
Awer Mabil,MF,Cádiz,
Axel Disasi,DF,Monaco,
Axel Witsel,MF,Atlético Madrid,
Ayase Ueda,FW,Cercle Brugge,
Aymeric Laporte,DF,Manchester City,Premier League
Aziz Behich,DF,Dundee United,
Azzedine Ounahi,MF,Angers,
Aïssa Laïdouni,MF,Ferencváros,
Baba Rahman,DF,Reading,
Badr Banoun,DF,Qatar SC,
Bailey Wright,DF,Sunderland,
Bamba Dieng,FW,Marseille,
Bartosz Bereszyński,DF,Sampdoria,
Bassam Al-Rawi,DF,Al Duhail SC,
Ben Davies,DF,Tottenham,
Benjamin Pavard,DF,Bayern Munich,Bundesliga
Bernardo Silva,MF,Manchester City,Premier League
Bilal El Khannous,MF,Genk,
Borna Barišić,DF,Rangers,
Borna Sosa,DF,Stuttgart,
Boualem Khoukhi,DF,Al Sadd SC,
Boulaye Dia,FW,Salernitana,
Brandon Aguilera,MF,Asociación Deportiva Guanacasteca,
Breel Embolo,FW,Monaco,
Brenden Aaronson,MF,Leeds United,Premier League
Brennan Johnson,FW,Nott'ham Forest,
Bruno Fernandes,FW,Manchester Utd,
Bruno Guimarães,MF,Newcastle Utd,
Bruno Petković,FW,Dinamo Zagreb,Prva Liga
Bryan Mbeumo,FW,Brentford,
Bryan Oviedo,DF,Real Salt Lake,
Bryan Ruiz,MF,Liga Deportiva Alajuelense,
Bukayo Saka,FW,Arsenal,
Callum Wilson,FW,Newcastle Utd,
Cameron Carter-Vickers,DF,Celtic,
Carlos Gruezo,MF,Augsburg,
Carlos Martínez,DF,AD San Carlos,
Carlos Soler,MF,Paris S-G,
Casemiro,MF,Manchester Utd,
Celso Borges,MF,Liga Deportiva Alajuelense,
Charles De Ketelaere,FW,Milan,
Charly Rodríguez,MF,Cruz Azul,
Cheikhou Kouyaté,MF,Nott'ham Forest,
Cho Guesung,FW,Jeonbuk,
Cho Yumin,FW,Daejeon Citizen FC,
Chris Mepham,DF,Bournemouth,
Christian Bassogog,MF,Shanghai Shen,
Christian Eriksen,MF,Manchester Utd,
Christian Fassnacht,FW,Young Boys,
Christian Nørgaard,MF,Brentford,
Christian Pulisic,FW,Chelsea,
Christopher Wooh,DF,Rennes,
Cody Gakpo,FW,PSV Eindhoven,Eredivisie 
Collins Fai,DF,Al-Ta'ee,
Connor Roberts,DF,Burnley,
Craig Goodwin,MF,Adelaide,
Cristian Romero,DF,Tottenham,
Cristiano Ronaldo,FW,Manchester Utd,
Cyle Larin,FW,Club Brugge,
César Azpilicueta,DF,Chelsea,
César Montes,DF,Monterrey,
Daichi Kamada,FW,Eint Frankfurt,
Daizen Maeda,FW,Celtic,
Daley Blind,DF,Ajax,
Damian Szymański,MF,AEK Athens,
Dani Alves,DF,UNAM,
Dani Carvajal,DF,Real Madrid,Liga
Dani Olmo,FW,RB Leipzig,Bundesliga
Daniel Amartey,DF,Leicester City,Premier League
Daniel Chacón,MF,CS Cartaginés,
Daniel James,FW,Fulham,
Daniel Kyereh,MF,Freiburg,
Danilo,DF,Juventus,
Danilo Pereira,DF,Paris S-G,
Danny Ward,GK,Leicester City,Premier League
Darko Lazović,DF,Hellas Verona,
Darwin Núñez,FW,Liverpool,Primera División
David Raum,DF,RB Leipzig,Bundesliga
David Wotherspoon,MF,St Johnstone,
Davy Klaassen,MF,Ajax,
Dayot Upamecano,DF,Bayern Munich,Bundesliga
DeAndre Yedlin,DF,Inter Miami,
Declan Rice,MF,West Ham,
Dejan Lovren,DF,Zenit,
Denis Odoi,DF,Club Brugge,
Denis Zakaria,MF,Chelsea,
Denzel Dumfries,DF,Inter,
Devis Epassy,GK,Abha,
Diego Godín,DF,Vélez Sarsf,
Diogo Costa,GK,Porto,
Diogo Dalot,DF,Manchester Utd,
Djibril Sow,MF,Eint Frankfurt,
Djorkaeff Reasco,FW,Newell's OB,
Dominik Livaković,GK,Dinamo Zagreb,Prva Liga
Dries Mertens,MF,Galatasaray,
Dušan Tadić,MF,Ajax,
Dušan Vlahović,FW,Juventus,
Dylan Bronn,DF,Salernitana,
Eden Hazard,MF,Real Madrid,Liga
Ederson,GK,Manchester City,Premier League
Edimilson Fernandes,FW,Mainz 05,
Edinson Cavani,FW,Valencia,
Edouard Mendy,GK,Chelsea,
Edson Álvarez,MF,Ajax,
Eduardo Camavinga,DF,Real Madrid,Liga
Ehsan Hajsafi,MF,AEK Athens,
Ellyes Skhiri,MF,Köln,
Emiliano Martínez,GK,Aston Villa,Premier League
Enner Valencia,FW,Fenerbahçe,
Enzo Ebosse,DF,Udinese,
Enzo Fernández,MF,Benfica,
Eray Cömert,DF,Valencia,
Eric Dier,DF,Tottenham,
Eric Maxim Choupo-Moting,FW,Bayern Munich,Bundesliga
Erick Gutiérrez,MF,PSV Eindhoven,Eredivisie 
Ethan Ampadu,MF,Spezia,
Everton Ribeiro,MF,Flamengo,Brasileiro Serie A
Exequiel Palacios,MF,Leverkusen,
Fabian Frei,MF,Basel,
Fabian Rieder,FW,Young Boys,
Fabian Schär,DF,Newcastle Utd,
Fabinho,MF,Liverpool,Primera División
Facundo Pellistri,MF,Manchester Utd,
Famara Diedhiou,FW,Alanyaspor,
Federico Valverde,MF,Real Madrid,Liga
Ferjani Sassi,MF,Al Duhail SC,
Ferrán Torres,FW,Barcelona,
Filip Kostić,DF,Juventus,
Filip Mladenović,DF,Legia Warsaw,
Filip Đuričić,MF,Sampdoria,
Firas Al-Buraikan,MF,Al-Fateh,
Fodé Ballo-Touré,DF,Milan,
Fran Karačić,DF,Brescia,
Francisco Calvo,DF,Konyaspor,
Fred,MF,Manchester Utd,
Frenkie de Jong,MF,Barcelona,
Félix Torres Caicedo,DF,Santos,Brasileiro Serie A
Gabriel Jesus,FW,Arsenal,
Garang Kuol,FW,Central Coast,
Gareth Bale,FW,Los Angeles FC,
Gavi,MF,Barcelona,
Gaël Ondoua,MF,Hannover 96,
Georges-Kévin N'Koudou,FW,Beşiktaş,
Germán Pezzella,DF,Betis,
Gerson Torres,MF,Club Sport Herediano,
Ghaylène Chaalali,MF,Espérance de Tunis,
Gideon Mensah,DF,Auxerre,
Gio Reyna,FW,Dortmund,
Giorgian De Arrascaeta,MF,Flamengo,Brasileiro Serie A
Gleison Bremer,DF,Juventus,
Gonzalo Montiel,DF,Sevilla,
Gonzalo Plata,MF,Valladolid,
Gonçalo Ramos,FW,Benfica,
Granit Xhaka,MF,Arsenal,
Gregor Kobel,GK,Dortmund,
Grzegorz Krychowiak,MF,Al-Shabab,
Guido Rodríguez,MF,Betis,
Guillermo Ochoa,GK,América,
Guillermo Varela,DF,Flamengo,Brasileiro Serie A
Haji Wright,FW,Antalyaspor,
Hakim Ziyech,FW,Chelsea,
Hannibal Mejbri,MF,Birmingham City,
Haris Seferović,FW,Galatasaray,
Harry Kane,FW,Tottenham,
Harry Maguire,DF,Manchester Utd,
Harry Souttar,DF,Stoke City,
Harry Wilson,MF,Fulham,
Hassan Al Tambakti,DF,Al-Shabab,
Hassan Al-Haydos,MF,Al Sadd SC,
Hattan Bahebri,MF,Al-Shabab,
Henry Martín,FW,América,
Hernán Galíndez,GK,SD Aucas,
Hidemasa Morita,MF,Sporting CP,Liga Portugal Bwin
Hiroki Ito,DF,Stuttgart,
Hiroki Sakai,MF,Urawa Reds,
Hirving Lozano,FW,Napoli,
Homam Ahmed,DF,Al-Gharafa Sports Club,
Hong Chul,DF,Daegu,
Hossein Hosseini,GK,Esteghlal,
Hossein Kanaanizadegan,DF,Al Ahli SC,
Hugo Lloris,GK,Tottenham,
Hwang Hee-chan,MF,Wolves,
Hwang In-beom,MF,Olympiacos,
Hwang Ui-jo,FW,Olympiacos,
Héctor Herrera,MF,Houston Dynamo,
Héctor Moreno,DF,Monterrey,
Ibrahima Konaté,DF,Liverpool,Primera División
Idrissa Gana Gueye,MF,Everton,
Ilias Chair,MF,QPR,
Iliman Ndiaye,FW,Sheffield Utd,
Ismail Jakobs,DF,Monaco,
Ismail Mohamad,FW,Al Duhail SC,
Ismaila Sarr,FW,Watford,
Ismaël Koné,MF,CF Montréal,
Issam Jebali,FW,Odense,
Ivan Ilić,MF,Hellas Verona,
Ivan Perišić,FW,Tottenham,
Iñaki Williams,FW,Athletic Club,
Jack Grealish,FW,Manchester City,Premier League
Jackson Irvine,MF,St. Pauli,
Jackson Porozo,DF,Troyes,
Jakub Kamiński,MF,Wolfsburg,
Jakub Kiwior,DF,Spezia,
Jamal Musiala,MF,Bayern Munich,Bundesliga
Jamie Maclaren,FW,Melb City,
Jan Bednarek,DF,Aston Villa,Premier League
Jan Vertonghen,DF,Anderlecht,
Jason Cummings,FW,Central Coast,
Jawad El Yamiq,DF,Valladolid,
Jean-Charles Castelletto,DF,Nantes,
Jeong Woo-yeong,MF,Freiburg,
Jeremy Doku,MF,Rennes,
Jeremy Sarmiento,MF,Brighton,
Jerome Ngom Mbekeli,MF,Colombe Sportive du Dja et Lobo,
Jesper Lindstrøm,MF,Eint Frankfurt,
Jesús Ferreira,FW,FC Dallas,
Jesús Gallardo,DF,Monterrey,
Jewison Bennette,MF,Sunderland,
Jhegson Méndez,MF,Los Angeles FC,
Joachim Andersen,DF,Crystal Palace,Premier League
Joakim Mæhle,DF,Atalanta,
Joe Allen,MF,Swansea City,
Joe Morrell,MF,Portsmouth,
Joe Rodon,DF,Rennes,
Joel Campbell,FW,León,
Johan Venegas,FW,Liga Deportiva Alajuelense,
John Stones,DF,Manchester City,Premier League
Jonas Hofmann,FW,M'Gladbach,
Jonathan David,FW,Lille,
Jonathan Osorio,MF,Toronto FC,
Jordan Ayew,FW,Crystal Palace,Premier League
Jordan Henderson,MF,Liverpool,Primera División
Jordan Morris,FW,Seattle,
Jordan Pickford,GK,Everton,
Jordan Veretout,MF,Marseille,
Jordi Alba,DF,Barcelona,
Jorge Eduardo Sánchez,DF,Ajax,
Josh Sargent,FW,Norwich City,Premier League
Joshua Kimmich,MF,Bayern Munich,Bundesliga
Josip Juranović,DF,Celtic,
Josip Stanišić,DF,Bayern Munich,Bundesliga
Josip Šutalo,DF,Dinamo Zagreb,Prva Liga
José Cifuentes,MF,Los Angeles FC,
José María Giménez,DF,Atlético Madrid,
João Cancelo,DF,Manchester City,Premier League
João Félix,FW,Atlético Madrid,
João Mário,FW,Benfica,
João Palhinha,MF,Fulham,
Joško Gvardiol,DF,RB Leipzig,Bundesliga
Juan Foyth,DF,Villarreal,
Juan Pablo Vargas,DF,Millonarios,
Jude Bellingham,MF,Dortmund,
Jules Koundé,DF,Barcelona,
Julián Álvarez,FW,Manchester City,Premier League
Jung Woo-young,MF,Al Sadd SC,
Junior Hoilett,FW,Reading,
Junya Ito,MF,Reims,
Jurriën Timber,DF,Ajax,
Kai Havertz,FW,Chelsea,
Kalidou Koulibaly,DF,Chelsea,
Kalvin Phillips,MF,Manchester City,Premier League
Kamal Miller,DF,CF Montréal,
Kamaldeen Sulemana,FW,Rennes,
Kamil Glik,DF,Benevento,
Kamil Grosicki,MF,Pogoń Szczecin,
Kaoru Mitoma,MF,Brighton,
Karim Ansarifard,FW,AC Omonia,
Karim Boudiaf,MF,Al Duhail SC,
Karl Toko Ekambi,FW,Lyon,
Karol Świderski,FW,Charlotte,
Kasper Dolberg,FW,Sevilla,
Kasper Schmeichel,GK,Nice,
Keanu Baccus,MF,St Mirren,
Kellyn Acosta,MF,Los Angeles FC,
Kendall Waston,DF,Deportivo Saprissa,
Kenneth Taylor,MF,Ajax,
Kevin De Bruyne,FW,Manchester City,Premier League
Kevin Rodríguez,FW,,
Kevin Álvarez,DF,Pachuca,
Keylor Navas,GK,Paris S-G,
Keysher Fuller,DF,Club Sport Herediano,
Kieffer Moore,FW,Bournemouth,
Kieran Trippier,DF,Newcastle Utd,
Kim Jin-su,DF,Jeonbuk,
Kim Min-jae,DF,Napoli,
Kim Moonhwan,DF,Jeonbuk,
Kim Seung-gyu,GK,Al-Shabab,
Kim Young-gwon,DF,Ulsan Hyundai,
Kingsley Coman,FW,Bayern Munich,Bundesliga
Ko Itakura,DF,M'Gladbach,
Koke,MF,Atlético Madrid,
Kristijan Jakić,FW,Eint Frankfurt,
Krystian Bielik,MF,Derby County,
Krzysztof Piątek,FW,Salernitana,
Krépin Diatta,FW,Monaco,
Kudus Mohammed,FW,Ajax,
Kwon Chang-hoon,FW,Sangju Sangmu,
Kwon Kyung-won,DF,Gamba Osaka,
Kye Rowles,DF,Hearts,
Kyle Walker,DF,Manchester City,Premier League
Kylian Mbappé,FW,Paris S-G,
Lautaro Martínez,FW,Inter,
Lawrence Ati-Zigi,GK,St. Gallen,
Leander Dendoncker,DF,Aston Villa,Premier League
Leandro Paredes,MF,Juventus,
Leandro Trossard,FW,Brighton,
Lee Jae-sung,MF,Mainz 05,
Lee Kangin,MF,Mallorca,
Leon Goretzka,MF,Bayern Munich,Bundesliga
Leroy Sané,FW,Bayern Munich,Bundesliga
Liam Millar,DF,Basel,
Lionel Messi,FW,Paris S-G,
Lisandro Martínez,DF,Manchester Utd,
Lovro Majer,MF,Rennes,
Loïs Openda,FW,Lens,
Lucas Cavallini,FW,Vancouver,
Lucas Hernández,DF,Bayern Munich,Bundesliga
Lucas Paquetá,MF,West Ham,
Luis Chávez,MF,Pachuca,
Luis Suárez,FW,Nacional,Primera División
Luka Jović,FW,Fiorentina,
Luka Modrić,MF,Real Madrid,Liga
Lukas Klostermann,DF,RB Leipzig,Bundesliga
Luke Shaw,DF,Manchester Utd,
Luuk de Jong,FW,PSV Eindhoven,Eredivisie 
Majid Hosseini,DF,Kayserispor,
Manuel Akanji,DF,Manchester City,Premier League
Manuel Neuer,GK,Bayern Munich,Bundesliga
Marcelo Brozović,MF,Inter,
Marco Asensio,FW,Real Madrid,Liga
Marcos Acuña,DF,Sevilla,
Marcos Llorente,DF,Atlético Madrid,
Marcus Rashford,FW,Manchester Utd,
Marcus Thuram,FW,M'Gladbach,
Mario Götze,MF,Eint Frankfurt,
Mario Pašalić,FW,Atalanta,
Mark-Anthony Kaye,MF,Toronto FC,
Marko Grujić,MF,Porto,
Marko Livaja,FW,Hajduk Split,
Marquinhos,DF,Paris S-G,
Marten de Roon,MF,Atalanta,
Martin Braithwaite,FW,Espanyol,
Martin Hongla,MF,Hellas Verona,
Martinelli,FW,Arsenal,
Martín Cáceres,DF,LA Galaxy,
Mason Mount,MF,Chelsea,
Mateo Kovačić,MF,Chelsea,
Matheus Nunes,MF,Wolves,
Mathew Leckie,MF,Melb City,
Mathew Ryan,GK,FC Copenhagen,
Mathias Jensen,MF,Brentford,
Mathías Olivera,DF,Napoli,
Matt Turner,GK,Arsenal,
Matthias Ginter,DF,Freiburg,
Matthijs de Ligt,DF,Bayern Munich,Bundesliga
Matty Cash,DF,Aston Villa,Premier League
Mattéo Guendouzi,FW,Marseille,
Matías Vecino,MF,Lazio,
Matías Viña,DF,Roma,
Maxi Gómez,FW,Trabzonspor,
Maya Yoshida,DF,Schalke 04,
Mehdi Taremi,FW,Porto,
Mehdi Torabi,MF,Persepolis,
Memphis,FW,Barcelona,
Meshaal Barsham,GK,Al Sadd SC,
Michael Estrada,FW,Cruz Azul,
Michał Skóraś,MF,Lech Poznań,
Michel Aebischer,MF,Bologna,
Michy Batshuayi,FW,Fenerbahçe,
Miki Yamane,DF,Kawa Frontale,
Mikkel Damsgaard,MF,Brentford,
Milad Mohammadi,DF,AEK Athens,
Milan Borjan,GK,Red Star,
Miloš Degenek,DF,Columbus Crew,
Miloš Veljković,DF,Werder Bremen,
Mislav Oršić,FW,Dinamo Zagreb,Prva Liga
Mitchell Duke,FW,Fagi Okayama,
Mohamed Ali Ben Romdhane,MF,Espérance de Tunis,
Mohamed Dräger,DF,Luzern,
Mohamed Kanno,MF,Al-Hilal,
Mohammed Al-Breik,DF,Al-Hilal,
Mohammed Al-Owais,GK,Al-Hilal,
Mohammed Muntari,FW,Al Duhail SC,
Mohammed Salisu,DF,Southampton,
Mohammed Waad,MF,Al Sadd SC,
Moisés Caicedo,MF,Brighton,
Montassar Talbi,DF,Lorient,
Morteza Pouraliganji,DF,Persepolis,
Moumi Ngamaleu,FW,Dynamo Mosc,
Munir,GK,Al-Wehda,
Musab Kheder,DF,Al Sadd SC,
Na Sang-ho,FW,FC Seoul,
Nader Ghandri,DF,Club Africain,
Nahuel Molina,DF,Atlético Madrid,
Nampalys Mendy,MF,Leicester City,Premier League
Nasser Al-Dawsari,FW,Al-Hilal,
Nathan Aké,DF,Manchester City,Premier League
Nathaniel Atkinson,DF,Hearts,
Nawaf Al Abed,MF,Al-Shabab,
Nayef Aguerd,DF,West Ham,
Naïm Sliti,MF,Al-Ettifaq,
Neco Williams,DF,Nott'ham Forest,
Nemanja Gudelj,MF,Sevilla,
Nemanja Maksimović,MF,Getafe,
Nemanja Radonjić,DF,Torino,
Neymar,MF,Paris S-G,
Niclas Füllkrug,FW,Werder Bremen,
Nico Elvedi,DF,M'Gladbach,
Nico Schlotterbeck,DF,Dortmund,
Nico Williams,FW,Athletic Club,
Nicola Zalewski,MF,Roma,
Nicolas Jackson,FW,Villarreal,
Nicolas Nkoulou,DF,Aris,
Nicolás De La Cruz,MF,River Plate,
Nicolás Otamendi,DF,Benfica,
Nicolás Tagliafico,DF,Lyon,
Niklas Süle,DF,Dortmund,
Nikola Milenković,DF,Fiorentina,
Nikola Vlašić,FW,Torino,
Noa Lang,MF,Club Brugge,
Noah Okafor,FW,RB Salzburg,
Nouhou Tolo,DF,Seattle,
Noussair Mazraoui,DF,Bayern Munich,Bundesliga
Nuno Mendes,DF,Paris S-G,
Néstor Araujo,DF,América,
Olivier Giroud,FW,Milan,
Olivier Ntcham,MF,Swansea City,
Orbelín Pineda,MF,AEK Athens,
Osman Bukari,MF,Red Star,
Otávio,MF,Porto,
Ousmane Dembélé,FW,Barcelona,
Pablo Sarabia,FW,Paris S-G,
Paik Seung-ho,MF,Jeonbuk,
Pape Abou Cissé,DF,Olympiacos,
Pape Gueye,MF,Marseille,
Pape Matar Sarr,MF,Tottenham,
Papu Gómez,MF,Sevilla,
Pathé Ciss,MF,Rayo Vallecano,Liga
Pau Torres,DF,Villarreal,
Paulo Dybala,FW,Roma,
Pedri,MF,Barcelona,
Pedro,FW,Flamengo,Brasileiro Serie A
Pepe,DF,Porto,
Pervis Estupiñán,DF,Brighton,
Phil Foden,FW,Manchester City,Premier League
Piero Hincapié,DF,Leverkusen,
Pierre Højbjerg,MF,Tottenham,
Pierre Kunde,MF,Olympiacos,
Piotr Zieliński,MF,Napoli,
Przemysław Frankowski,MF,Lens,
Rafael Leão,FW,Milan,
Raheem Sterling,FW,Chelsea,
Ramin Rezaeian,DF,Sepahan,
Randal Kolo Muani,FW,Eint Frankfurt,
Raphaël Guerreiro,DF,Dortmund,
Raphaël Varane,DF,Manchester Utd,
Raphinha,FW,Barcelona,
Rasmus Nissen,DF,Leeds United,Premier League
Raúl Jiménez,FW,Wolves,
Remo Freuler,MF,Nott'ham Forest,
Renato Steffen,FW,Lugano,
Ricardo Horta,FW,Braga,
Ricardo Rodríguez,DF,Torino,
Richarlison,FW,Tottenham,
Richie Laryea,DF,Toronto FC,
Riley McGree,FW,Middlesbrough,
Ritsu Doan,FW,Freiburg,
Riyadh Sharahili,MF,Abha,
Roan Wilson,MF,Municipal Grecia,
Robert Lewandowski,FW,Barcelona,
Robert Skov,DF,Hoffenheim,
Roberto Alvarado,FW,Guadalajara,
Rodri,DF,Manchester City,Premier League
Rodrigo Bentancur,MF,Tottenham,
Rodrigo De Paul,MF,Atlético Madrid,
Rodrygo,MF,Real Madrid,Liga
Rogelio Funes Mori,FW,Monterrey,
Romain Saïss,DF,Beşiktaş,
Romario Ibarra,MF,Pachuca,
Romelu Lukaku,FW,Inter,
Roozbeh Cheshmi,DF,Esteghlal,
Ruben Vargas,FW,Augsburg,
Rubin Colwill,MF,Cardiff City,
Ró-Ró,DF,Al Sadd SC,
Rónald Matarrita,DF,FC Cincinnati,
Rúben Dias,DF,Manchester City,Premier League
Rúben Neves,MF,Wolves,
Saad Al Sheeb,GK,Al Sadd SC,
Sadegh Moharrami,DF,Dinamo Zagreb,Prva Liga
Saeid Ezatolahi,MF,Vejle BK,
Saleh Al-Shehri,FW,Al-Hilal,
Salem Al-Dawsari,MF,Al-Hilal,
Salis Abdul Samed,MF,Lens,
Salman Al-Faraj,MF,Al-Hilal,
Sam Adekugbe,DF,Hatayspor,
Saman Ghoddos,MF,Brentford,
Sami Al-Najei,MF,Al-Nassr,
Samuel Oum Gouet,MF,Mechelen,
Sardar Azmoun,FW,Leverkusen,
Saud Abdulhamid,DF,Al-Hilal,
Saša Lukić,MF,Torino,
Sebastian Szymański,MF,Feyenoord,
Sebastián Coates,DF,Sporting CP,Liga Portugal Bwin
Selim Amallah,MF,Standard Liège,
Serge Gnabry,FW,Bayern Munich,Bundesliga
Sergej Milinković-Savić,MF,Lazio,
Sergio Busquets,MF,Barcelona,
Sergio Rochet,GK,Nacional,Primera División
Sergiño Dest,DF,Milan,
Shaquell Moore,DF,Nashville,
Shogo Taniguchi,DF,Kawa Frontale,
Shūichi Gonda,GK,S-Pulse,
Silvan Widmer,DF,Mainz 05,
Simon Kjær,DF,Milan,
Sofiane Boufal,FW,Angers,
Sofyan Amrabat,MF,Fiorentina,
Son Heung-min,FW,Tottenham,
Son Jun-ho,MF,Shandong Lunen,
Sorba Thomas,MF,Huddersfield,
Srđan Babić,DF,Almería,
Stefan Mitrović,DF,Getafe,
Stephen Eustáquio,MF,Porto,
Steve Mandanda,GK,Rennes,
Steven Berghuis,MF,Ajax,
Steven Bergwijn,FW,Ajax,
Steven Vitória,DF,Chaves,
Strahinja Pavlović,DF,RB Salzburg,
Sultan Al-Ghanam,DF,Al-Nassr,
Taha Yassine Khenissi,FW,Kuwait SC,
Tajon Buchanan,MF,Club Brugge,
Takefusa Kubo,FW,Real Sociedad,Liga
Takehiro Tomiyasu,DF,Arsenal,
Takuma Asano,FW,Bochum,
Takumi Minamino,FW,Monaco,
Tarek Salman,DF,Al Sadd SC,
Tariq Lamptey,DF,Brighton,
Teun Koopmeiners,MF,Atalanta,
Theo Hernández,DF,Milan,
Thiago Almada,MF,Atlanta Utd,
Thiago Silva,DF,Chelsea,
Thibaut Courtois,GK,Real Madrid,Liga
Thilo Kehrer,DF,West Ham,
Thomas Delaney,MF,Sevilla,
Thomas Meunier,DF,Dortmund,
Thomas Müller,FW,Bayern Munich,Bundesliga
Thomas Partey,MF,Arsenal,
Thorgan Hazard,FW,Dortmund,
Tim Ream,DF,Fulham,
Timothy Castagne,DF,Leicester City,Premier League
Timothy Weah,FW,Lille,
Toby Alderweireld,DF,Antwerp,
Trent Alexander-Arnold,DF,Liverpool,Primera División
Tyler Adams,MF,Leeds United,Premier League
Unai Simón,GK,Athletic Club,
Uriel Antuna,FW,Cruz Azul,
Vanja Milinković-Savić,GK,Torino,
Victor Nelsson,DF,Galatasaray,
Vincent Aboubakar,FW,Al-Nassr,
Vincent Janssen,FW,Antwerp,
Vinicius Júnior,FW,Real Madrid,Liga
Virgil van Dijk,DF,Liverpool,Primera División
Vitinha,MF,Paris S-G,
Wahbi Khazri,FW,Montpellier,
Wajdi Kechrida,DF,Atromitos,
Walid Cheddira,FW,Bari,
Walker Zimmerman,DF,Nashville,
Wataru Endo,MF,Stuttgart,
Wayne Hennessey,GK,Nott'ham Forest,
Weston McKennie,MF,Juventus,
William Carvalho,MF,Betis,
William Saliba,DF,Arsenal,
Wojciech Szczęsny,GK,Juventus,
Wout Weghorst,FW,Beşiktaş,
Wéverton,GK,Palmeiras,Brasileiro Serie A
Xavi Simons,FW,PSV Eindhoven,Eredivisie 
Xherdan Shaqiri,FW,Chicago Fire,
Yahya Attiat Allah,DF,Wydad Casablanca,
Yahya Jabrane,MF,Wydad Casablanca,
Yann Sommer,GK,M'Gladbach,
Yannick Carrasco,FW,Atlético Madrid,
Yasser Al-Shahrani,DF,Al-Hilal,
Yassine Bounou,GK,Sevilla,
Yassine Meriah,DF,Espérance de Tunis,
Yeltsin Tejeda,MF,Club Sport Herediano,
Youri Tielemans,MF,Leicester City,Premier League
Youssef En-Nesyri,FW,Sevilla,
Youssef Msakni,MF,Al-Arabi SC,
Youssouf Fofana,MF,Monaco,
Youssouf Sabaly,DF,Betis,
Youssoufa Moukoko,FW,Dortmund,
Youstin Salas,DF,Deportivo Saprissa,
Yuki Soma,FW,Grampus,
Yunus Musah,MF,Valencia,
Yuto Nagatomo,MF,FC Tokyo,
Zakaria Aboukhlal,FW,Toulouse,
Álvaro Morata,FW,Atlético Madrid,
Álvaro Zamora,MF,Deportivo Saprissa,
Ángel Correa,MF,Atlético Madrid,
Ángel Di María,MF,Juventus,
Ángelo Preciado,DF,Genk,
Éder Militão,DF,Real Madrid,Liga
Óscar Duarte,DF,Al-Wehda,
İlkay Gündoğan,MF,Manchester City,Premier League
